patient_id,name,phone,address,appointment_datetime,attended
P99999,Jack Kelly,+001-609-901-2218,"14 Rhapta Road, Westlands, Nairobi 00800",2026-10-01 10:00,False
P99998,Angel Li,+001-786-395-6618,"27 Argwings Kodhek Road, Kilimani, Nairobi 00100",2026-10-01 14:30,True
P00001,Emmanuel Santos,+000-555-023-8957,"113 Ngong Road, Kilimani, Nairobi 00100",2026-10-08 15:30,False
P00002,Wei Silva,+000-555-949-8222,"105 Limuru Road, Parklands, Nairobi 00623",2026-10-14 11:00,False
P00006,Samuel Diallo,+000-555-401-4597,"3 Kasarani-Mwiki Road, Kasarani, Nairobi 00618",2026-10-15 15:00,False
P00007,Omar Osei,+000-555-916-8340,"37 Jogoo Road, Donholm, Nairobi 00518",2026-10-19 08:30,False
P00008,Kwame Nkosi,+000-555-498-6172,"18 Ragati Road, Upper Hill, Nairobi 00100",2026-10-22 13:30,False
P00005,John Banda,+000-555-508-2781,"2 Langata Road, Langata, Nairobi 00509",2026-10-23 11:30,False
P00004,Mary Garcia,+000-555-409-6862,"92 Ragati Road, Upper Hill, Nairobi 00100",2026-10-27 08:00,False
P00003,Fatima Kamau,+000-555-171-6615,"93 Muhoho Avenue, South C, Nairobi 00200",2026-10-29 08:30,False
